factor,style,n_corr_days,corr_mean,corr_abs_mean,corr_abs_median,corr_abs_p95,corr_abs_max,share_abs_corr_ge_030,share_abs_corr_ge_050
factor_04_reversal_turnover_enhanced,Size,1846,-0.0007938235162142265,0.10526079325423436,0.09558660437238199,0.23249320528416034,0.7969155311492782,0.013001083423618635,0.0016251354279523294
factor_04_reversal_turnover_enhanced,Beta,1962,-0.01124580811645874,0.09618944356663779,0.08505505424435514,0.2218891444309576,0.4194808343076126,0.006625891946992864,0.0
factor_04_reversal_turnover_enhanced,Momentum,1845,0.0007500449150854683,0.09883287190352667,0.08573171988934908,0.23405283283998643,0.48834731503220125,0.00921409214092141,0.0
factor_04_reversal_turnover_enhanced,ResVol,1796,-0.0007684274593179327,0.09099817451049066,0.07714213682283283,0.21687500945079066,0.43830205504345426,0.009465478841870824,0.0
factor_04_reversal_turnover_enhanced,NLS,1846,-0.0017485549649473942,0.09944161435464581,0.08866645204477779,0.22355414120773007,0.7969155311492782,0.010292524377031419,0.0010834236186348862
factor_04_reversal_turnover_enhanced,BTP,1807,0.001663817051704563,0.10780015758431441,0.09789591400747608,0.24265447447376556,0.7902798059207252,0.01383508577753182,0.0011068068622025456
factor_04_reversal_turnover_enhanced,Liquidity,1728,0.003632146092433548,0.10498244456710476,0.09024950038639158,0.2522420604158725,0.9171217042047003,0.02141203703703704,0.004050925925925926
factor_04_reversal_turnover_enhanced,EY,1807,0.00037435291309465587,0.10892841365798311,0.10191285463469084,0.24492048405511024,0.7526060943792817,0.013281682346430549,0.0005534034311012728
factor_04_reversal_turnover_enhanced,Growth,1891,-0.0010166454847318148,0.11680618349534078,0.10537849178437804,0.26283979684042746,0.4485309251647789,0.028027498677948175,0.0
factor_04_reversal_turnover_enhanced,Leverage,1785,-0.005614908558117854,0.1128535006195819,0.10525409919917435,0.24743929066997608,0.5444088934777072,0.011764705882352941,0.0011204481792717086
factor_07_price_volume_deviation_vol,Size,1846,-0.0007311267407005206,0.06457846442240567,0.052779417084101075,0.15505317575551805,0.977763296769603,0.004875406283856988,0.0016251354279523294
factor_07_price_volume_deviation_vol,Beta,1962,-0.010507432375705311,0.06221438107259602,0.052291954344490285,0.15106169966140798,0.30792269628074015,0.0010193679918450561,0.0
factor_07_price_volume_deviation_vol,Momentum,1845,-0.00291870832212895,0.062023015444480745,0.048795261603904946,0.15255142518732212,0.5621262704349075,0.004878048780487805,0.0005420054200542005
factor_07_price_volume_deviation_vol,ResVol,1796,-0.000744927757361937,0.05799150156796645,0.046528304002166794,0.14235328921485765,0.5504988106058324,0.0027839643652561247,0.0005567928730512249
factor_07_price_volume_deviation_vol,NLS,1846,-0.001375933660606453,0.06198298722139443,0.04983251994586607,0.1512739619224151,0.977763296769603,0.004333694474539545,0.0016251354279523294
factor_07_price_volume_deviation_vol,BTP,1807,0.003480365462668415,0.0666440316098456,0.05573143245669955,0.16800747849581346,0.8543210057154694,0.003320420586607637,0.0011068068622025456
factor_07_price_volume_deviation_vol,Liquidity,1728,-0.0006204052532273144,0.07411937871449657,0.05834404587224365,0.18693931699238872,0.9995979656399913,0.011574074074074073,0.003472222222222222
factor_07_price_volume_deviation_vol,EY,1807,0.0013521553418632984,0.06448749484054364,0.053553981002507585,0.156873801663616,0.4109496941811108,0.004427227448810182,0.0
factor_07_price_volume_deviation_vol,Growth,1891,-0.0021303499167190797,0.07122328120368604,0.06160589167268321,0.17662450803956017,0.42429360263311716,0.004759386567953464,0.0
factor_07_price_volume_deviation_vol,Leverage,1785,9.603331770602314e-05,0.06998365425024054,0.05916642924707578,0.16625217326206124,0.616262392600055,0.004481792717086834,0.0011204481792717086
factor_12_turnover_volatility,Size,1846,-0.0015392211092857054,0.09842253366598415,0.0872658633718496,0.22131563930817252,0.8187420253902197,0.0065005417118093175,0.0010834236186348862
factor_12_turnover_volatility,Beta,1962,-0.010725229013306073,0.09030269222189324,0.0821538250378667,0.20547198246047543,0.3377094308480766,0.0025484199796126403,0.0
factor_12_turnover_volatility,Momentum,1845,6.159236674935951e-05,0.09241732006555252,0.0811264235895886,0.2213116534302919,0.6964992584028146,0.00921409214092141,0.001084010840108401
factor_12_turnover_volatility,ResVol,1796,-0.0010505489621706616,0.08435606178147953,0.0715973684849325,0.20102778024470833,0.7027506439886936,0.005567928730512249,0.0005567928730512249
factor_12_turnover_volatility,NLS,1846,-0.0026521217981480653,0.09280555931011875,0.08148603351658057,0.21218400113007388,0.8187420253902197,0.004875406283856988,0.0010834236186348862
factor_12_turnover_volatility,BTP,1807,0.003422439654823578,0.10100818091128096,0.09130472013707107,0.22537346191859967,0.9024088249217799,0.007194244604316547,0.0011068068622025456
factor_12_turnover_volatility,Liquidity,1728,0.00363300980328208,0.09794670091764891,0.08220019502322141,0.23182537595361474,0.7562618082384286,0.013310185185185185,0.0028935185185185184
factor_12_turnover_volatility,EY,1807,0.0009330305005652099,0.10098112716793385,0.09330182854469188,0.22355798994697693,0.6456490796334073,0.007194244604316547,0.0005534034311012728
factor_12_turnover_volatility,Growth,1893,-0.0005119332891055918,0.107039337355413,0.095781851310743,0.24317779279796495,0.4546233378516751,0.017960908610670893,0.0
factor_12_turnover_volatility,Leverage,1785,-0.006120061194707402,0.10541307193427617,0.09643968929583047,0.2357236096671133,0.4681218281233027,0.00784313725490196,0.0
factor_13_main_fund_stability,Size,1846,-0.0037067555826967814,0.06862064048164054,0.05921879257550389,0.16603278309507205,0.9118602128056644,0.0032502708559046588,0.0010834236186348862
factor_13_main_fund_stability,Beta,1962,-0.013613552657428451,0.06872600793589682,0.061037646234972515,0.16001416871270788,0.2957010739748856,0.0,0.0
factor_13_main_fund_stability,Momentum,1845,-0.004552529383706174,0.0640196597381257,0.051861658610303556,0.16092024834207408,0.4877244926113484,0.0027100271002710027,0.0
factor_13_main_fund_stability,ResVol,1796,-0.0005961553870307837,0.060158256989868694,0.05060066623592141,0.14630908775681553,0.6517807226850166,0.0027839643652561247,0.0011135857461024498
factor_13_main_fund_stability,NLS,1846,-0.0036185518637629316,0.06536636948577662,0.056174517509746794,0.16328597146033735,0.9118602128056644,0.0027085590465872156,0.0005417118093174431
factor_13_main_fund_stability,BTP,1807,0.00521372950737698,0.07114608874836495,0.060866557267092024,0.17257530438130614,0.8625920446167401,0.004427227448810182,0.0011068068622025456
factor_13_main_fund_stability,Liquidity,1728,-0.002340009251220826,0.07857495764659718,0.06162928761783187,0.19813140914617713,0.9046458633531197,0.015046296296296295,0.004050925925925926
factor_13_main_fund_stability,EY,1807,0.0022623214762770762,0.06787669353375993,0.05693529341596871,0.1644988560224083,0.4389355383416224,0.003320420586607637,0.0
factor_13_main_fund_stability,Growth,1891,-0.004474274340911667,0.07788344357055708,0.06977116927037373,0.17861377251622665,0.4378315251212561,0.004230565838180857,0.0
factor_13_main_fund_stability,Leverage,1785,0.000991080602080799,0.07706948362476271,0.06931387715101385,0.17167309245314108,0.7032025971326836,0.004481792717086834,0.0016806722689075631
factor_01_residual_volatility,Size,1846,0.001481746147762419,0.05660342104207119,0.046547954732846834,0.1385893582291614,0.7971318064206212,0.003791982665222102,0.0016251354279523294
factor_01_residual_volatility,Beta,1962,-0.0020663837423757964,0.051262034872294776,0.042439072109959376,0.1280320276393265,0.2757592654561543,0.0,0.0
factor_01_residual_volatility,Momentum,1845,-0.002545990587865435,0.055657274167394036,0.04533625221899898,0.13884327970587304,0.6002820627127873,0.002168021680216802,0.001084010840108401
factor_01_residual_volatility,ResVol,1796,-0.00018146169602562708,0.05306674885449108,0.04368146475832384,0.1330831832612009,0.9563290564757476,0.0022271714922048997,0.0016703786191536749
factor_01_residual_volatility,NLS,1846,0.00034592494938550977,0.054012221877834395,0.043570694511757116,0.13462411344368597,0.6660934319469997,0.003791982665222102,0.0010834236186348862
factor_01_residual_volatility,BTP,1807,0.00010432666502231978,0.05903092498056195,0.04814089838779689,0.1435626801869613,0.8696857272326676,0.002213613724405091,0.0011068068622025456
factor_01_residual_volatility,Liquidity,1728,-0.0012311592413444669,0.0643876096352226,0.0505277574221054,0.1654594921645532,0.7692850921813463,0.009837962962962963,0.001736111111111111
factor_01_residual_volatility,EY,1807,0.0018419442680637373,0.05686424402909467,0.046247478639443944,0.14384223358807877,0.5304281400715641,0.003320420586607637,0.0011068068622025456
factor_01_residual_volatility,Growth,1891,0.002931362386302522,0.05840692587002876,0.047808840082971274,0.15053005675231024,0.43881613454488805,0.0031729243786356425,0.0
factor_01_residual_volatility,Leverage,1785,-0.0020162383200245998,0.058071226503187044,0.04709516466205941,0.14382052160191816,0.6859423297320075,0.0016806722689075631,0.0011204481792717086
factor_03_turnover_volatility_momentum,Size,1846,0.0001664821551450664,0.08481718660622832,0.0724004014708583,0.2019836929947467,0.9428523355626002,0.007042253521126761,0.0016251354279523294
factor_03_turnover_volatility_momentum,Beta,1962,-0.009076442969356177,0.07711103435651807,0.06752688001972493,0.18534482642227493,0.2980182521298429,0.0,0.0
factor_03_turnover_volatility_momentum,Momentum,1845,0.0005370997662769723,0.08056002356873081,0.06930309500051403,0.19613019241708018,0.6513588346640395,0.0065040650406504065,0.001084010840108401
factor_03_turnover_volatility_momentum,ResVol,1796,0.00011562806499191102,0.07405329691673387,0.0594929113307007,0.18858011780469533,0.5318493042781941,0.005011135857461025,0.0005567928730512249
factor_03_turnover_volatility_momentum,NLS,1846,-0.002141647960557558,0.08042079844202779,0.06757086886334182,0.19230799586120764,0.9428523355626002,0.004875406283856988,0.0016251354279523294
factor_03_turnover_volatility_momentum,BTP,1807,0.001345409359378507,0.08710838817596468,0.0751264140816684,0.20809587981994407,0.772685756780518,0.004980630879911455,0.0016602102933038186
factor_03_turnover_volatility_momentum,Liquidity,1728,0.0026811414479452323,0.08645855706630527,0.06992733174271418,0.2165280770684263,0.8649610343838315,0.01273148148148148,0.0028935185185185184
factor_03_turnover_volatility_momentum,EY,1807,0.0005952225826906419,0.08780812638792947,0.07641055184849492,0.20718199238333926,0.7351193055000256,0.008854454897620365,0.0011068068622025456
factor_03_turnover_volatility_momentum,Growth,1891,0.0003216805072774711,0.09180937112984443,0.07936317833632892,0.22904458880923217,0.44421507870972177,0.014278159703860392,0.0
factor_03_turnover_volatility_momentum,Leverage,1785,-0.004452227930047616,0.08971504249781216,0.07824108335321169,0.2083084271437232,0.48456302171828014,0.0061624649859943975,0.0
factor_05_volume_price_divergence_cov,Size,1846,-0.0006909880882905897,0.05742495134880203,0.04548029375338595,0.14454068441371418,0.6380185666501906,0.003791982665222102,0.0005417118093174431
factor_05_volume_price_divergence_cov,Beta,1962,-0.007344914414341505,0.05365495534670204,0.04285255058804228,0.13613443160308095,0.299896431675684,0.0,0.0
factor_05_volume_price_divergence_cov,Momentum,1845,-0.0024239237578114223,0.05716146659337531,0.04678247196573097,0.1419159179550791,0.41164595834300394,0.0032520325203252032,0.0
factor_05_volume_price_divergence_cov,ResVol,1796,-0.0008787338110318705,0.0538240869750562,0.043280726147458794,0.13720365033390164,0.8081537727360091,0.0033407572383073497,0.0011135857461024498
factor_05_volume_price_divergence_cov,NLS,1846,-0.0013573152155354517,0.0555097607559203,0.044441023801217824,0.14161217036223203,0.3888187674877692,0.0032502708559046588,0.0
factor_05_volume_price_divergence_cov,BTP,1807,0.002354726930315996,0.06071859940651759,0.047292201226368076,0.15562066042194847,0.6057932248873806,0.006640841173215274,0.0011068068622025456
factor_05_volume_price_divergence_cov,Liquidity,1728,-0.0019834462331833396,0.06818926693040923,0.05090911938392437,0.18988506326657983,0.7240964000156564,0.011574074074074073,0.001736111111111111
factor_05_volume_price_divergence_cov,EY,1807,0.00175757848463882,0.05890023714579493,0.046517733759332776,0.14937678565850893,0.7755013574099756,0.00387382401770891,0.0005534034311012728
factor_05_volume_price_divergence_cov,Growth,1891,-0.0021540777269113973,0.061848726976100665,0.049725813292264276,0.15653890758498035,0.5217001358211042,0.005817028027498678,0.0005288207297726071
factor_05_volume_price_divergence_cov,Leverage,1785,-0.0011071095307789267,0.06058846229514535,0.047943688029301726,0.15370041526446102,0.6642614278817441,0.00392156862745098,0.0011204481792717086
factor_44_volume_divergence_composite_momentum,Size,1846,-0.00652549374046843,0.08773216892436642,0.07780196882105651,0.20219443694730876,0.9291782078213578,0.0032502708559046588,0.0010834236186348862
factor_44_volume_divergence_composite_momentum,Beta,1962,-0.02014362110040944,0.08850914462278422,0.08041330581581305,0.1933188988337152,0.29541399262086043,0.0,0.0
factor_44_volume_divergence_composite_momentum,Momentum,1845,-0.005937686531458767,0.07863516658600989,0.06636898324575662,0.19035318033932402,0.39518429982901226,0.0032520325203252032,0.0
factor_44_volume_divergence_composite_momentum,ResVol,1796,6.0581355305618296e-05,0.07289183255396577,0.0626094254650637,0.17159151171997927,0.505470365804766,0.0022271714922048997,0.0005567928730512249
factor_44_volume_divergence_composite_momentum,NLS,1846,-0.006722062783925961,0.08273432672299985,0.07194435342803404,0.19497041977067095,0.9291782078213578,0.0032502708559046588,0.0010834236186348862
factor_44_volume_divergence_composite_momentum,BTP,1807,0.008699129395094407,0.09134828388642958,0.08186799584184097,0.2042490603141952,0.5853243610363148,0.007194244604316547,0.0011068068622025456
factor_44_volume_divergence_composite_momentum,Liquidity,1728,-0.0007576590938481564,0.08893461340171112,0.07148770929178475,0.22592781986245541,0.7393712066343378,0.014467592592592593,0.0028935185185185184
factor_44_volume_divergence_composite_momentum,EY,1807,0.0017093997368455816,0.08542929222908574,0.07529486624106102,0.19946072177494578,0.8122316497407982,0.004427227448810182,0.0011068068622025456
factor_44_volume_divergence_composite_momentum,Growth,1888,-0.007994084647029968,0.09859527248830317,0.08882155006209608,0.21901654878174426,0.488425102198167,0.007944915254237288,0.0
factor_44_volume_divergence_composite_momentum,Leverage,1785,-0.0015687788688992683,0.09709326309038807,0.0901814320398175,0.20716939346307883,0.5036692012742304,0.0067226890756302525,0.0005602240896358543
factor_15_multi_dimensional_reversal,Size,1846,-0.007110696595916685,0.09835681793009736,0.08961676776732483,0.22007477571381173,0.7488706518440211,0.007042253521126761,0.0010834236186348862
factor_15_multi_dimensional_reversal,Beta,1962,-0.02346222428394193,0.1000402250519542,0.09204913949745619,0.2167821563929136,0.32665593598522236,0.0020387359836901123,0.0
factor_15_multi_dimensional_reversal,Momentum,1845,-0.005229314567211226,0.08698231147955729,0.07373754395071526,0.21170639957748183,0.4904734540705525,0.0065040650406504065,0.0
factor_15_multi_dimensional_reversal,ResVol,1796,-0.0009709847988650605,0.08031346348542842,0.07036412522863966,0.19104039540231438,0.5629458722032346,0.0027839643652561247,0.0005567928730512249
factor_15_multi_dimensional_reversal,NLS,1846,-0.007326467111294098,0.09235194301123925,0.079862770228637,0.21428210182467092,0.5690663569949423,0.0065005417118093175,0.0010834236186348862
factor_15_multi_dimensional_reversal,BTP,1807,0.008609442953084053,0.10196693397568823,0.092938866614312,0.22257425499897163,0.6981461472426452,0.00387382401770891,0.0011068068622025456
factor_15_multi_dimensional_reversal,Liquidity,1728,-0.003079714007592919,0.09546856147159019,0.07987221225321822,0.24234400661680275,0.6448245508198795,0.020833333333333332,0.001736111111111111
factor_15_multi_dimensional_reversal,EY,1807,0.002035290243757439,0.09479469457784287,0.0834477163640231,0.21652810995297406,0.6928866705134364,0.005534034311012728,0.0011068068622025456
factor_15_multi_dimensional_reversal,Growth,1895,-0.009182475513794858,0.11127526766703434,0.10256752178489706,0.2377827296468564,0.5979126162836468,0.010554089709762533,0.0005277044854881266
factor_15_multi_dimensional_reversal,Leverage,1785,-0.0004245714479080633,0.10924375637616579,0.10496086901238012,0.22751942930896704,0.5073005004540029,0.00784313725490196,0.0005602240896358543
factor_19_price_momentum_fund_volatility_reverse,Size,1846,-0.0017152567011171633,0.06206909340843954,0.0505643505610694,0.15206936515920522,0.8625339366024152,0.005958829902491874,0.0016251354279523294
factor_19_price_momentum_fund_volatility_reverse,Beta,1962,-0.009736886758711042,0.059662782109453756,0.049785979538529784,0.14666922605265095,0.28477861046087183,0.0,0.0
factor_19_price_momentum_fund_volatility_reverse,Momentum,1845,-0.003048883328044014,0.05996455198618612,0.04799558900200047,0.15492700370445484,0.34011715076759885,0.004336043360433604,0.0
factor_19_price_momentum_fund_volatility_reverse,ResVol,1796,0.0005602144798698907,0.05737030232265267,0.04639165384303677,0.1460247604762961,0.441773576561739,0.0022271714922048997,0.0
factor_19_price_momentum_fund_volatility_reverse,NLS,1846,-0.002995921195237332,0.05953702712637725,0.046987989352871934,0.1467555916734633,0.8625339366024152,0.005417118093174431,0.0016251354279523294
factor_19_price_momentum_fund_volatility_reverse,BTP,1807,0.0034284242588289737,0.06590124117856318,0.05455799163825634,0.15969554865235708,0.7286077671371448,0.005534034311012728,0.0016602102933038186
factor_19_price_momentum_fund_volatility_reverse,Liquidity,1728,-0.00245823652471229,0.07055687527093275,0.05507259609019227,0.18872904476989755,0.7123435671361766,0.009837962962962963,0.0023148148148148147
factor_19_price_momentum_fund_volatility_reverse,EY,1807,0.0009343546918110722,0.06389746042806252,0.051320081611108036,0.15768339756768002,0.7010051095664583,0.006640841173215274,0.0011068068622025456
factor_19_price_momentum_fund_volatility_reverse,Growth,1893,-0.0033468647963644962,0.06839352618529283,0.05656613087321606,0.17536820306375117,0.3773823715246449,0.005282620179609086,0.0
factor_19_price_momentum_fund_volatility_reverse,Leverage,1785,0.0011029954827451343,0.06784910856724903,0.05608377700823894,0.16902671673267816,0.5827669305533849,0.0056022408963585435,0.0005602240896358543
