factor,style,n_exposure_days,portfolio_exposure_mean,portfolio_exposure_abs_mean,portfolio_exposure_abs_median,portfolio_exposure_abs_p95,portfolio_exposure_abs_max
factor_04_reversal_turnover_enhanced,Size,1846,-0.009292259997233007,0.217868132916623,0.1912041496149374,0.5266504490449567,0.9493730976798918
factor_04_reversal_turnover_enhanced,Beta,1962,-0.023173502015144093,0.2240688767769279,0.1974321429829409,0.5236018261756084,0.9455541137831862
factor_04_reversal_turnover_enhanced,Momentum,1845,0.0035575975635245387,0.19670406365295817,0.16334598193051242,0.4904568038658807,0.8082925364956908
factor_04_reversal_turnover_enhanced,ResVol,1797,-0.0029874597608334787,0.17539643093390211,0.14147039800855737,0.450246658354534,0.7645335115479603
factor_04_reversal_turnover_enhanced,NLS,1846,-0.008825287046360247,0.20662825654087566,0.17506957671821127,0.501421409431468,0.9456522846091121
factor_04_reversal_turnover_enhanced,BTP,1807,0.003890896580140925,0.21227791907942908,0.1833830416186943,0.5010202158930527,0.8457988149437989
factor_04_reversal_turnover_enhanced,Liquidity,1729,0.0030692433154551925,0.14431821267363856,0.10199309524725966,0.4190306043578895,0.9199891650981907
factor_04_reversal_turnover_enhanced,EY,1807,-0.0005086841183402404,0.21554452371079036,0.19127132446382628,0.5177367744361993,0.8228921427941295
factor_04_reversal_turnover_enhanced,Growth,1962,-0.014646005585265586,0.19995059470692422,0.1701699604024128,0.5033783507296236,0.9320441607050673
factor_04_reversal_turnover_enhanced,Leverage,1785,-0.011052458307345426,0.22095456920279902,0.20042592094206513,0.5270611818235303,0.8286112106953922
factor_07_price_volume_deviation_vol,Size,1846,-0.0077928738251725905,0.12744831747471855,0.10427549242337883,0.3310178229786168,0.7166867653382112
factor_07_price_volume_deviation_vol,Beta,1962,-0.020173710094213964,0.14327551546205322,0.1198339377495904,0.3439912841255197,0.7677805735334783
factor_07_price_volume_deviation_vol,Momentum,1845,-0.0011182514339316968,0.1180378264716438,0.09361134166942407,0.3079068516334122,0.6681927735834626
factor_07_price_volume_deviation_vol,ResVol,1797,-0.003684627145320239,0.10844904847401407,0.08261791722316711,0.29574040636618204,0.5763719140483408
factor_07_price_volume_deviation_vol,NLS,1846,-0.0070240741981874456,0.12210953184854859,0.09851231560440331,0.3125769376976387,0.7150909090517392
factor_07_price_volume_deviation_vol,BTP,1807,0.0056494914577863665,0.12513635795457675,0.0987643179918199,0.32519973283423437,0.6496046403820608
factor_07_price_volume_deviation_vol,Liquidity,1729,-0.0001325501952462399,0.09178704743373965,0.06196610446961941,0.27569623889178657,0.6422834313340737
factor_07_price_volume_deviation_vol,EY,1807,0.0028656043581073427,0.1216562687247241,0.09738380845221821,0.32139169235351317,0.6316513948599306
factor_07_price_volume_deviation_vol,Growth,1962,-0.011703632688062498,0.11868091847865467,0.09053712696071961,0.31099976655700506,0.8445207530828805
factor_07_price_volume_deviation_vol,Leverage,1785,-0.00035776997096901534,0.13080312296636804,0.10841286863565662,0.32835999924219306,0.7609408041794167
factor_12_turnover_volatility,Size,1846,-0.00826914789436296,0.20555806055044412,0.18465317518011445,0.49606841573522986,0.781770114505059
factor_12_turnover_volatility,Beta,1962,-0.023347255561746123,0.20923990854002722,0.1907318561062934,0.48298623395511625,0.8435208277367717
factor_12_turnover_volatility,Momentum,1845,0.005377085284623645,0.1816981427368034,0.1503248634511931,0.4649530682948696,0.7731959637705137
factor_12_turnover_volatility,ResVol,1797,-0.0033016216759341223,0.1633143175144376,0.13141168864118674,0.41410475358481397,0.689325021900114
factor_12_turnover_volatility,NLS,1846,-0.0076947533733940756,0.1935060993163533,0.16708628736803044,0.4784839540448157,0.7406264754064557
factor_12_turnover_volatility,BTP,1807,0.0047993958191539215,0.19815082362001063,0.17781985459138486,0.47190434932911124,0.7135006554892152
factor_12_turnover_volatility,Liquidity,1729,0.002941133817936903,0.13363940471018015,0.09535812704977632,0.39388290411226423,0.8293913069915411
factor_12_turnover_volatility,EY,1807,0.000254727233926709,0.19929090188090967,0.17749236378429276,0.4788333655626627,0.7177877101161627
factor_12_turnover_volatility,Growth,1962,-0.013720520845861032,0.1851700530073064,0.15433644462546303,0.458091992694137,0.9837488169868454
factor_12_turnover_volatility,Leverage,1785,-0.013041610551043994,0.20791190270435875,0.1819680639479434,0.4906238211447901,0.7716933575955561
factor_13_main_fund_stability,Size,1846,-0.01291766794420859,0.13726647104720002,0.11808041833231625,0.33940049685446483,0.6732391210377076
factor_13_main_fund_stability,Beta,1962,-0.027282248907015826,0.1583435383215042,0.13987085712772382,0.35806128614772953,0.7021884719750981
factor_13_main_fund_stability,Momentum,1845,-0.0019018478139479183,0.12148436044633557,0.09886153064784992,0.30980730945715984,0.5203645547789357
factor_13_main_fund_stability,ResVol,1797,-0.002413266256538091,0.11319517393367513,0.08922926988744535,0.28446361421424565,0.5691091135816688
factor_13_main_fund_stability,NLS,1846,-0.010792045932022938,0.1304937690998414,0.11174892071173453,0.3207837990835811,0.6741605749029123
factor_13_main_fund_stability,BTP,1807,0.009231351655798189,0.13483101937638903,0.10875467735035721,0.34293550022428787,0.6059472894870024
factor_13_main_fund_stability,Liquidity,1729,-0.0008402453047108362,0.0956656126119664,0.0653191072757148,0.2884971544680801,0.5695687222698345
factor_13_main_fund_stability,EY,1807,0.00310223439587363,0.1284455516104362,0.10405514744548708,0.33133614181765186,0.6037460687815749
factor_13_main_fund_stability,Growth,1962,-0.016453436374004274,0.13005298154810188,0.10437722925172249,0.3254307420751112,0.7353126462037854
factor_13_main_fund_stability,Leverage,1785,7.995757939210455e-05,0.14581001158198056,0.1258916034462058,0.34992102969720296,0.6404269989681775
factor_01_residual_volatility,Size,1846,-0.0007117266540485174,0.11127603651656447,0.09295386883997349,0.2895226481474037,0.5443429832518276
factor_01_residual_volatility,Beta,1962,-0.002968404919943312,0.11939536509664798,0.09986838837179948,0.30248193181213173,0.694965374125532
factor_01_residual_volatility,Momentum,1845,-0.0013176361909449368,0.10646016668626607,0.08261351091904057,0.282932403936246,0.6131355540583836
factor_01_residual_volatility,ResVol,1797,-0.0022323295918212646,0.0978957773170257,0.07732762455438966,0.2668329451419887,0.4707905714277265
factor_01_residual_volatility,NLS,1846,-0.0007218358486245522,0.1065478892491862,0.08561830670360618,0.2754263079176761,0.5807046622060733
factor_01_residual_volatility,BTP,1807,-0.0005694488653002869,0.10886765776089623,0.08666243854063872,0.2826604222894944,0.5386010077113627
factor_01_residual_volatility,Liquidity,1729,-0.002051297605147742,0.0775609745022685,0.05284158919237278,0.22840224390141484,0.4595943502894364
factor_01_residual_volatility,EY,1807,0.0029414776531991715,0.10660416648605446,0.08325641028132968,0.2848052693156461,0.5645545452890383
factor_01_residual_volatility,Growth,1962,-0.0005522905652984742,0.09483718879252473,0.0712044755736338,0.258868296975205,0.6354828603223953
factor_01_residual_volatility,Leverage,1785,-0.004472252424590532,0.10852462384372898,0.08558617738673008,0.28224346740772777,0.6938688782544031
factor_03_turnover_volatility_momentum,Size,1846,-0.006768402743793934,0.17415777515378916,0.14658733127611842,0.4377578383051025,0.7785491471063956
factor_03_turnover_volatility_momentum,Beta,1962,-0.019126566749321762,0.18067653176177387,0.15224900311462725,0.44480695809947474,0.7930887877411213
factor_03_turnover_volatility_momentum,Momentum,1845,0.004087409263689309,0.15751412961318684,0.1268995109672275,0.4133759019095379,0.7558396381512027
factor_03_turnover_volatility_momentum,ResVol,1797,-0.003034246870716063,0.1422087565813014,0.10946257897025696,0.37907728813456704,0.6966664742877955
factor_03_turnover_volatility_momentum,NLS,1846,-0.007612298334742844,0.16491251399832946,0.13426284966678126,0.4229814956297848,0.7695872101325099
factor_03_turnover_volatility_momentum,BTP,1807,0.002862433592450802,0.16846010214199958,0.14289477866792905,0.4203124977991628,0.6770347173454345
factor_03_turnover_volatility_momentum,Liquidity,1729,0.0020252021025445343,0.11504395864679849,0.07767098039442831,0.34682307557083414,0.8630298322691723
factor_03_turnover_volatility_momentum,EY,1807,0.0005340048901382211,0.17100039951655213,0.14444919703195225,0.44136038171326525,0.7325792805081093
factor_03_turnover_volatility_momentum,Growth,1962,-0.009251448713722302,0.15693326241409683,0.12375118821984171,0.4201123569822872,0.761114211763495
factor_03_turnover_volatility_momentum,Leverage,1785,-0.008777957483322996,0.17524387043934062,0.1495476410545984,0.4393322800230355,0.7291070650419306
factor_05_volume_price_divergence_cov,Size,1846,-0.003692481425137302,0.11405472864221441,0.09003243614471262,0.30192808146063255,0.7269193039668567
factor_05_volume_price_divergence_cov,Beta,1962,-0.014006683828204889,0.12440501807930876,0.1002668165908027,0.31681090459692474,0.7511861432471004
factor_05_volume_price_divergence_cov,Momentum,1845,-0.0024258146055387243,0.10998560572158597,0.0867244043625461,0.2963882902156294,0.6604224121397352
factor_05_volume_price_divergence_cov,ResVol,1797,-0.005185827603688134,0.09878949079471051,0.07533324587380863,0.2581767209748159,0.6699339068342189
factor_05_volume_price_divergence_cov,NLS,1846,-0.003765748105100267,0.11035975774168466,0.08774854186939235,0.2931525177032326,0.6148610850245588
factor_05_volume_price_divergence_cov,BTP,1807,0.005554645499243244,0.11341349199665214,0.08368801078166763,0.30785485000245794,0.7334749190881782
factor_05_volume_price_divergence_cov,Liquidity,1729,-0.0016105964837398073,0.08433184854527562,0.05610543317447879,0.25945039749294446,0.6638247049441856
factor_05_volume_price_divergence_cov,EY,1807,0.003326023506070034,0.1095672925976758,0.08515052081737705,0.3001359613920903,0.6708118308146955
factor_05_volume_price_divergence_cov,Growth,1962,-0.009626905191648317,0.10126717831482132,0.07309191291890807,0.2774318691903132,0.7333697186700157
factor_05_volume_price_divergence_cov,Leverage,1785,-0.0035436557751947232,0.11336774788425608,0.08569451264550695,0.3069807826130815,0.6043425924467969
factor_44_volume_divergence_composite_momentum,Size,1846,-0.02040183458832355,0.18566686939630547,0.1564019580504621,0.45653818537222013,0.7283449901581304
factor_44_volume_divergence_composite_momentum,Beta,1962,-0.04391368832166433,0.20522077605395364,0.18673272296415366,0.4495384489535912,0.7892427407064484
factor_44_volume_divergence_composite_momentum,Momentum,1845,-0.004338751167309767,0.15472903313721997,0.12474969605973091,0.39784775158264346,0.6984218181775965
factor_44_volume_divergence_composite_momentum,ResVol,1797,-0.0037395019995284068,0.14055321804860701,0.11298025081073611,0.3539214948350517,0.6171734951575691
factor_44_volume_divergence_composite_momentum,NLS,1846,-0.017568342464400883,0.17348696996613858,0.14227658894711306,0.4384720429963604,0.7397153414331827
factor_44_volume_divergence_composite_momentum,BTP,1807,0.016871951108896423,0.1795761688623088,0.14673765009052572,0.43607132947266564,0.6589222453778589
factor_44_volume_divergence_composite_momentum,Liquidity,1729,-0.0022996655868369148,0.11639802889704284,0.07888769358018098,0.3546876237517123,0.664069091569673
factor_44_volume_divergence_composite_momentum,EY,1807,0.003074746159477215,0.16809216609334748,0.1377345354349739,0.4145031843804331,0.8148170576454041
factor_44_volume_divergence_composite_momentum,Growth,1962,-0.025460243395287928,0.17335843217206176,0.1375730644863608,0.4320840396551404,0.7284752473762335
factor_44_volume_divergence_composite_momentum,Leverage,1785,-0.00141798023423897,0.19389588627245155,0.1698705331383249,0.45887238786823714,0.7550543009953695
factor_15_multi_dimensional_reversal,Size,1846,-0.02333292868825504,0.20813396020220165,0.175500685701884,0.5105724435316061,0.8550343550047084
factor_15_multi_dimensional_reversal,Beta,1962,-0.0507229619843348,0.23190654785849024,0.21343194352811892,0.4952715217202225,0.8720828656225155
factor_15_multi_dimensional_reversal,Momentum,1845,-0.00417389639763573,0.1721287943151888,0.13949607805440647,0.44423655304827553,0.815769422034669
factor_15_multi_dimensional_reversal,ResVol,1797,-0.004260153355698781,0.15570117404950073,0.1254940803828774,0.39661862113208124,0.6631626135540546
factor_15_multi_dimensional_reversal,NLS,1846,-0.019942856051285256,0.19318943925443838,0.16179003747113085,0.4859619047722856,0.8717592321566405
factor_15_multi_dimensional_reversal,BTP,1807,0.018724668237738874,0.20236344829364272,0.17018536901941272,0.48486711378907044,0.7008045751909371
factor_15_multi_dimensional_reversal,Liquidity,1729,-0.0038481280927482584,0.12850678391030498,0.08781872243484996,0.3900965462217335,0.8417866404670016
factor_15_multi_dimensional_reversal,EY,1807,0.003909469352741628,0.18895546509006453,0.15359428186862345,0.47264067212356037,0.9346408688940183
factor_15_multi_dimensional_reversal,Growth,1962,-0.02775130722192289,0.19593317186614448,0.15640297452668195,0.47789524549146656,0.8012826469312426
factor_15_multi_dimensional_reversal,Leverage,1785,0.00020242654951540206,0.22049010865648094,0.1961393032351536,0.5100158578425298,0.7582401311841958
factor_19_price_momentum_fund_volatility_reverse,Size,1846,-0.008019568877557106,0.1229591686469879,0.09906396211748529,0.3260134680172308,0.7938858170675296
factor_19_price_momentum_fund_volatility_reverse,Beta,1962,-0.019396933527605225,0.14032417199264136,0.11905505411376997,0.34014284972347963,0.9488009864513011
factor_19_price_momentum_fund_volatility_reverse,Momentum,1845,-0.0013688727554571126,0.11503156106023302,0.0912259573757421,0.3024480572149368,0.7165766127492077
factor_19_price_momentum_fund_volatility_reverse,ResVol,1797,-0.0018883631262549432,0.1073171436544591,0.08254574137341635,0.288406618157878,0.6823531539752348
factor_19_price_momentum_fund_volatility_reverse,NLS,1846,-0.007619315836863265,0.11865430926771149,0.096392014514514,0.3047000884630661,0.7997316396637466
factor_19_price_momentum_fund_volatility_reverse,BTP,1807,0.0049676790370908825,0.12268516595101095,0.10132692768674068,0.32439866327289607,0.6985922791530392
factor_19_price_momentum_fund_volatility_reverse,Liquidity,1729,-0.0007208277838780529,0.0878144631430089,0.06026062190052392,0.25540255088266217,0.6682131101512735
factor_19_price_momentum_fund_volatility_reverse,EY,1807,0.0028177291270131666,0.12049846684826201,0.0964937128150322,0.311249500187782,0.6706806044710458
factor_19_price_momentum_fund_volatility_reverse,Growth,1962,-0.011196082227998477,0.11289118783290394,0.08721390332592605,0.30077028937955597,0.7301111493429521
factor_19_price_momentum_fund_volatility_reverse,Leverage,1785,0.0031435632534030614,0.12844411319807977,0.10491476109203389,0.3197693077677609,0.7791384567709795
