factor,mean_r2,median_r2,pure_alpha_ratio,mean_alpha,mean_nobs,alpha_class,main_style_exposure
factor_opt_13_main_fund_stability_w5,0.5724560807955839,0.5801173379415081,0.42754391920441615,-0.044108680681201926,781.0652951699464,Alpha/风格混合,Liquidity-0.54; Size-0.45; NLS-0.43
factor_add3_intraday_hml_vol_120_industry_inv,0.24692306061667504,0.23681124238372447,0.753076939383325,-0.09629058058225912,781.5474060822899,Alpha主导,无显著单一风格暴露(|corr|<=0.4)
factor_add_06_quality_x_flow,0.22711907704058212,0.2233217553753049,0.7728809229594179,-0.021921532856905557,745.4373881932022,Alpha主导,无显著单一风格暴露(|corr|<=0.4)
factor_opt_47_nonlinear_volume_price_extreme_reversal_30_30_5,0.2259034528853243,0.21486147555969376,0.7740965471146757,-0.11654402176344966,774.8796958855098,Alpha主导,无显著单一风格暴露(|corr|<=0.4)
factor_opt_33_reinstatement_residual_vol_ratio_40_20,0.18713973037783252,0.17890551868767762,0.8128602696221675,0.028864693044919867,781.5474060822899,Alpha主导,无显著单一风格暴露(|corr|<=0.4)
factor_add3_turnover_weighted_reversal_20_industry,0.15754106810680624,0.14227356713472156,0.8424589318931938,-0.016693210693653534,777.1592128801431,Alpha主导,无显著单一风格暴露(|corr|<=0.4)
factor_add3_f18_decay90_industry,0.1513801530750054,0.14637413190456788,0.8486198469249946,0.24402423127610187,781.5474060822899,Alpha主导,无显著单一风格暴露(|corr|<=0.4)
factor_add3_gap_down_3,0.0911473692020974,0.07687728528797733,0.9088526307979026,-0.006368216248254991,781.5474060822899,Alpha主导,无显著单一风格暴露(|corr|<=0.4)
factor_add3_overnight_reversal_3_industry_inv,0.0863812889585502,0.0776188623400974,0.9136187110414498,0.002132317855256535,781.2638640429338,Alpha主导,无显著单一风格暴露(|corr|<=0.4)
factor_add2_adj_05_f34_15_25_industry,0.07597281270941444,0.07291074614187093,0.9240271872905855,0.12756360186703794,781.5474060822899,Alpha主导,无显著单一风格暴露(|corr|<=0.4)
